"","Date1","City","State","Region","Race2","ST","timeSeas","Male"
"1",1991-01-04,"Jacksonville","FL","South","Unknown","Middle","Winter","1"
"2",1991-01-05,"Bourne (Route 25)","MA","Northeast","Caucasian","High","Winter","1"
"3",1991-01-08,"Richardson","TX","South","Caucasian","High","Winter","1"
"4",1991-01-10,"Los Angeles","CA","West","Unknown","High","Winter",NA
"5",1991-01-17,"Dallas ","TX","South","Unknown","Middle","Winter",NA
"6",1991-01-19,"New Orleans","LA","South","African American","High","Winter","1"
"7",1991-02-06,"Donna","TX","South","Unknown","High","Winter","1"
"8",1991-03-09,"Jacksonville","FL","South","Unknown","High","Winter","1"
"9",1991-03-14,"Piedmont","SC","South","Unknown","High","Winter","1"
"10",1991-03-25,"Charlotte","NC","South","Unknown","High","Spring","1"
"11",1991-04-11,"Rock Hill","SC","South","Unknown","High","Spring","1"
"12",1991-04-16,"New York City","NY","Northeast","Unknown","High","Spring","1"
"13",1991-04-23,"Compton","CA","West","Unknown","Middle","Spring",NA
"14",1991-05-09,"Columbus","OH","Midwest","Unknown","Middle","Spring","1"
"15",1991-05-16,"Kansas City","KS","Midwest","Unknown","Middle","Spring","1"
"16",1991-05-20,"Pahokee","FL","South","African American","Mixed","Spring","1"
"17",1991-05-21,"Sherman Oaks","CA","West","Unknown","Middle","Spring","1"
"18",1991-07-22,"Los Angeles","CA","West","Unknown","High","Spring","1"
"19",1991-07-30,"Compton","CA","West","Unknown","Middle","Summer","1"
"21",1991-09-13,"Houston","TX","South","Unknown","High","Autumn",NA
"22",1991-09-17,"Chicago","IL","Midwest","Unknown","High","Autumn","1"
"23",1991-09-18,"Crosby","TX","South","Unknown","High","Autumn","0"
"24",1991-09-22,"Carle Place","NY","Northeast","Latino/Hispanic","Mixed","Autumn","1"
"25",1991-10-02,"Houston","TX","South","Unknown","High","Autumn","1"
"26",1991-10-04,"Los Angeles","CA","West","Unknown","High","Autumn",NA
"27",1991-10-04,"Los Angeles","CA","West","Unknown","High","Autumn",NA
"28",1991-10-08,"New York City","NY","Northeast","Unknown","High","Autumn","1"
"29",1991-10-15,"Pasadena","TX","South","Unknown","Elementary","Autumn","1"
"30",1991-10-15,"Woodruff","SC","South","Unknown","High","Autumn","1"
"31",1991-10-23,"Dallas ","TX","South","Unknown","High","Autumn","1"
"32",1991-10-30,"Longview","TX","South","Unknown","High","Autumn","1"
"33",1991-11-01,"Iowa City","IA","Midwest","Asian","College","Autumn","1"
"34",1991-11-05,"Port Huron","MI","Midwest","Unknown","Middle","Autumn","1"
"35",1991-11-06,"New Orleans","LA","South","Unknown","High","Autumn","1"
"36",1991-11-14,"Houston","TX","South","Unknown","High","Autumn","1"
"37",1991-11-25,"New York City","NY","Northeast","African American","High","Autumn","1"
"38",1991-11-26,"Whiteville","NC","South","Unknown","High","Autumn","1"
"39",1992-01-31,"Gentilly","LA","South","Unknown","Middle","Winter","1"
"40",1992-02-07,"Norkolk","VA","South","Unknown","High",NA,NA
"41",1992-02-26,"New York City","NY","Northeast","African American","High","Winter","1"
"42",1992-03-05,"Obetz","OH","Midwest","Unknown","Middle","Winter","1"
"43",1992-03-10,"Chicago","IL","Midwest","Unknown","Elementary","Winter","1"
"44",1992-03-24,"Los Angeles","CA","West","Unknown","High","Spring","1"
"45",1992-03-26,"New Orleans","LA","South","Unknown","High","Spring",NA
"46",1992-03-31,"Algiers","LA","South","Unknown","High","Spring","1"
"48",1992-04-16,"Santa Ana","CA","West","Latino/Hispanic","High","Spring","1"
"49",1992-04-17,"Dallas ","TX","South","Caucasian","High","Spring","1"
"50",1992-05-01,"Olivehurst","CA","West","Caucasian","High","Spring","1"
"51",1992-05-14,"Napa","CA","West","Unknown","Middle","Spring","1"
"52",1992-05-14,"Huntsville ","TX","South","Unknown","Middle","Spring","1"
"53",1992-05-29,"Chicago","IL","Midwest","Unknown","Elementary","Spring","1"
"54",1992-05-29,"Los Angeles","CA","West","Unknown","High","Spring","1"
"55",1992-06-06,"Merced","CA","West","Unknown","High","Spring","1"
"56",1992-09-11,"Amarillo","TX","South","Unknown","High","Autumn","1"
"57",1992-09-18,"Houston","TX","South","African American","Elementary","Autumn","1"
"58",1992-09-28,"Sacramento","CA","West","Asian","High","Autumn","1"
"59",1992-09-30,"Houston","TX","South","Unknown","Elementary","Autumn","1"
"60",1992-10-13,"Tucson ","AZ","West","Latino/Hispanic","High","Autumn","1"
"61",1992-11-04,"Detroit","MI","Midwest","Unknown","High","Autumn","1"
"62",1992-11-04,"Detroit","MI","Midwest","Unknown","High","Autumn","1"
"63",1992-11-06,"Chesapeake","VA","South","Unknown","High","Autumn",NA
"64",1992-11-10,"Chicago","IL","Midwest","African American","Mixed","Autumn","1"
"65",1992-11-13,"Cypress","TX","South","Unknown","High","Autumn","1"
"66",1992-11-16,"Birmingham","AL","South","Unknown","High","Autumn","1"
"67",1992-11-20,"Chicago","IL","Midwest","Caucasian","High","Autumn","1"
"68",1992-11-23,"Buffalo","NY","Northeast","Unknown","High","Autumn","1"
"69",1992-11-24,"Montgomery","AL","South","Unknown","High","Autumn","0"
"70",1992-12-03,"Chicago","IL","Midwest","Unknown","High","Autumn","1"
"71",1992-12-14,"Walton ","NY","Northeast","Caucasian","High","Autumn","1"
"72",1992-12-14,"Great Barrington","MA","Northeast","Asian","College","Autumn","1"
"73",1993-01-05,"Brentwood","NY","Northeast","Unknown","High","Winter","1"
"74",1993-01-12,"Miami","FL","South","Unknown","High","Winter","1"
"75",1993-01-18,"Grayson","KY","South","Caucasian","High","Winter","1"
"76",1993-01-21,"Los Angeles","CA","West","Unknown","High","Winter","1"
"77",1993-02-01,"Redmond","WA","West","Unknown","Middle","Winter","1"
"78",1993-02-02,"Palmdale","CA","West","Unknown","Middle",NA,NA
"79",1993-02-02,"Amityville ","NY","Northeast","Unknown","High","Winter","1"
"80",1993-02-04,"College Park","GA","South","Unknown","High","Winter","1"
"81",1993-02-08,"Washington D.C.","Wash D.C","South","Unknown","High","Winter","1"
"82",1993-02-08,"Gary","IN","Midwest","Unknown","High","Winter","1"
"83",1993-02-08,"Middle River ","MN","Midwest","Unknown","Middle","Winter","1"
"84",1993-02-18,"Dallas ","TX","South","Unknown","High",NA,"1"
"85",1993-02-22,"Los Angeles","CA","West","Unknown","High","Winter","1"
"86",1993-02-26,"Gloucester","MA","Northeast","Unknown","High","Winter","1"
"87",1993-03-18,"Harlem ","GA","South","Unknown","High","Winter","1"
"88",1993-03-25,"St.Louis","MO","Midwest","Unknown","High","Spring","0"
"89",1993-04-03,"Sacramento","CA","West","Unknown","High","Spring",NA
"90",1993-04-14,"Irving","TX","South","Unknown","High","Spring","1"
"91",1993-04-15,"Acushnet","MA","Northeast","Caucasian","Middle","Spring","1"
"92",1993-04-16,"Sacramento","CA","West","Unknown","High","Spring",NA
"93",1993-04-16,"Tacoma","WA","West","Unknown","High","Spring","0"
"94",1993-04-26,"Raleigh","NC","South","Unknown","High","Spring","1"
"95",1993-05-24,"Pennsburg","PA","Northeast","Unknown","High","Spring","1"
"96",1993-05-25,"Fort Lauderdale","FL","South","Unknown","High","Spring","1"
"97",1993-05-27,"New Orleans","LA","South","Unknown","High","Spring","1"
"98",1993-06-24,"New Haven ","CT","Northeast","Caucasian","College","Summer","1"
"99",1993-07-04,"Wichita","KS","Midwest","Unknown","College","Summer",NA
"100",1993-07-08,"Ogden","UT","West","Asian","College","Summer","1"
"101",1993-08-03,"New York City","NY","Northeast","African American","High","Summer","1"
"102",1993-08-31,"Atlanta","GA","South","Unknown","High","Summer","1"
"103",1993-09-01,"Junction City","KS","Midwest","Unknown","High","Summer","1"
"104",1993-09-02,"Dallas ","TX","South","Unknown","High","Summer","1"
"105",1993-09-07,"Los Angeles","CA","West","Unknown","High","Summer","1"
"106",1993-09-17,"Sheridan","WY","West","Caucasian","Middle","Summer","1"
"107",1993-09-25,"Washington D.C.","Wash D.C","South","Unknown","Elementary","Autumn","1"
"108",1993-10-12,"New Castle","DE","South","Caucasian","High","Autumn","0"
"109",1993-10-14,"Detroit","MI","Midwest","Unknown","High","Autumn",NA
"110",1993-10-18,"Washington D.C.","Wash D.C","South","Unknown","Middle","Autumn","1"
"111",1993-11-01,"Chicago","IL","Midwest","Unknown","High","Autumn","1"
"112",1993-11-04,"Jacksonville","FL","South","African American","High","Autumn","1"
"113",1993-11-04,"New Britian","CT","Northeast","Unknown","High","Autumn",NA
"114",1993-11-05,"Bay Springs","MS","South","Unknown","High","Autumn",NA
"115",1993-11-11,"Springfield","IL","Midwest","Caucasian","Elementary","Autumn","1"
"116",1993-11-24,"Fort Lauderdale","FL","South","Unknown","High","Autumn","1"
"117",1993-11-29,"Kansas City","MO","Midwest","Unknown","High","Autumn",NA
"118",1993-12-01,"Wauwatosa","WI","Midwest","Unknown","High","Autumn","1"
"119",1993-12-08,"Savannah","GA","South","African American","High","Autumn","1"
"120",1993-12-11,"New Haven ","CT","Northeast","Unknown","High","Autumn","1"
"121",1993-12-15,"San Fernando Valley","CA","West","Unknown","High","Autumn","1"
"122",1993-12-17,"Chelsea","MI","Midwest","Caucasian","High","Autumn","1"
"123",1994-01-20,"Hacienda Heights (suburb of Los Angeles)","CA","West","Unknown","High","Winter",NA
"124",1994-01-21,"Kennard","TX","South","Unknown","High","Winter","1"
"125",1994-01-25,"Denmark","SC","South","Unknown","College","Winter","1"
"126",1994-01-25,"Columbia","SC","South","African American","High","Winter","1"
"127",1994-01-26,"Washington D.C.","Wash D.C","South","Unknown","High","Winter","1"
"128",1994-01-26,"Washington D.C.","Wash D.C","South","Unknown","Middle","Winter",NA
"129",1994-01-27,"San Jose","CA","West","Unknown","Elementary","Winter",NA
"130",1994-01-31,"Seattle","WA","West","Caucasian","Middle","Winter","1"
"131",1994-02-04,"Orangeburg","SC","South","Unknown","College","Winter","1"
"132",1994-02-07,"Fort Myers","FL","South","Unknown","Other","Winter","1"
"133",1994-02-08,"Detroit","MI","Midwest","Unknown","High","Winter",NA
"134",1994-02-14,"Belmont","CA","West","Unknown","High","Winter","1"
"135",1994-02-18,"Spartanburg","SC","South","Unknown","High","Winter","1"
"136",1994-03-01,"Boonville ","MO","Midwest","African American","College","Winter","1"
"137",1994-03-03,"Ensley","AL","South","Unknown","High","Winter","1"
"138",1994-03-09,"Washington D.C.","Wash D.C","South","Unknown","High","Winter","1"
"139",1994-03-15,"Goose Creek","SC","South","Unknown","High","Winter",NA
"140",1994-03-23,"Seattle","WA","West","Unknown","High","Spring","1"
"141",1994-03-25,"Woodstock","GA","South","Caucasian","High","Spring","1"
"142",1994-04-05,"Austin","TX","South","Unknown","High","Spring",NA
"143",1994-04-08,"Upper Marlboro","MD","South","Unknown","High","Spring","1"
"144",1994-04-12,"Butte","MT","West","Unknown","Elementary","Spring","1"
"145",1994-04-13,"Los Angeles","CA","West","Latino/Hispanic","Elementary","Spring","1"
"146",1994-04-18,"Fort Washington","MD","South","Unknown","Mixed","Spring","1"
"147",1994-04-19,"Norristown","PA","Northeast","Caucasian","Middle","Spring","1"
"148",1994-04-19,"Washington D.C.","Wash D.C","South","Unknown","Middle","Spring",NA
"149",1994-04-21,"Nashville","TN","South","Unknown","Middle","Spring","1"
"150",1994-05-02,"North Miami ","FL","South","Unknown","High","Spring","1"
"151",1994-05-25,"Wanaque","NJ","Northeast","Unknown","High","Spring","0"
"152",1994-07-24,"Manchester","PA","Northeast","African American","Elementary","Summer","1"
"153",1994-07-25,"Ottumwa","IA","Midwest","Unknown","High","Summer","1"
"154",1994-09-08,"Los Angeles","CA","West","Unknown","High","Summer",NA
"155",1994-09-14,"New York City","NY","Northeast","Unknown","High","Summer","1"
"156",1994-10-12,"Greensboro","NC","South","Unknown","High","Autumn","1"
"157",1994-11-05,"San Leandro","CA","West","Unknown","Elementary","Autumn",NA
"158",1994-11-07,"Wickliffe","OH","Midwest","Caucasian","Middle","Autumn","1"
"159",1994-11-08,"Manchester","IA","Midwest","Unknown","High","Autumn","1"
"160",1994-11-09,"New Haven ","CT","Northeast","Unknown","High","Autumn","1"
"161",1994-11-15,"Tacoma","WA","West","Unknown","High","Autumn","1"
"162",1994-12-14,"Albany","NY","Northeast","Caucasian","College","Winter","1"
"163",1995-01-05,"Washington D.C.","Wash D.C","South","Unknown","High","Winter","1"
"164",1995-01-10,"      Palm Beach Gardens","FL","South","African American","High","Winter","1"
"165",1995-01-11,"Fairfax","VA","South","Unknown","Middle",NA,NA
"166",1995-01-12,"Seattle","WA","West","Unknown","High","Winter",NA
"167",1995-01-23,"Redlands","CA","West","Unknown","Middle","Winter","1"
"168",1995-01-26,"Chapel Hill ","NC","South","Caucasian","College","Winter","1"
"169",1995-02-02,"Long Beach","CA","West","Unknown","High","Winter","1"
"170",1995-06-14,"Lake Worth","FL","South","Caucasian","High","Spring","1"
"171",1995-08-29,"Laredo","TX","South","Unknown","Middle","Summer","1"
"172",1995-09-12,"Memphis","TN","South","Unknown","Middle","Summer","1"
"173",1995-09-14,"Olathe","KS","Midwest","African American","High","Summer","1"
"174",1995-09-29,"Tavares","FL","South","Caucasian","Middle","Autumn","1"
"175",1995-10-12,"Blackville","SC","South","African American","High","Autumn","1"
"176",1995-10-30,"Richmond","VA","South","African American","High","Autumn","1"
"177",1995-11-02,"Miami Beach","FL","South","Asian","Elementary","Autumn","1"
"178",1995-11-15,"Lynnville","TN","South","Caucasian","High","Autumn","1"
"179",1995-11-28,"New York City","NY","Northeast","Unknown","Other","Autumn",NA
"180",1995-12-14,"Washington D.C.","Wash D.C","South","Unknown","High","Autumn",NA
"181",1996-01-02,"Girald","PA","Northeast","Unknown","High","Winter","1"
"182",1996-01-16,"Philadelphia","PA","Northeast","African American","High","Winter","1"
"183",1996-01-17,"Compton","CA","West","African American","Middle","Winter","1"
"184",1996-01-19,"Washington D.C.","Wash D.C","South","Unknown","High","Winter","1"
"185",1996-01-26,"Memphis","TN","South","Unknown","High","Winter","0"
"186",1996-02-02,"Moses Lake","WA","West","Caucasian","Middle","Winter","1"
"187",1996-02-08,"Menlo Park","CA","West","Unknown","High","Winter","1"
"188",1996-02-22,"Savannah","GA","South","Unknown","High","Winter","1"
"189",1996-02-29,"St.Louis ","MO","Midwest","Unknown","High","Winter","1"
"190",1996-03-11,"New London","NC","South","Unknown","High","Winter","1"
"191",1996-04-11,"Talladega","AL","South","Unknown","High","Spring","1"
"192",1996-04-15,"Washington D.C.","Wash D.C","South","Unknown","High","Spring",NA
"193",1996-04-22,"Garden City","GA","South","Unknown","High","Spring","1"
"194",1996-05-14,"South Jordan","UT","West","Caucasian","Middle","Spring","1"
"195",1996-06-04,"Hemet","CA","West","Unknown","High","Spring","1"
"196",1996-07-26,"Los Angeles","CA","West","Latino/Hispanic","High","Summer","1"
"197",1996-08-15,"San Diego","CA","West","Caucasian","College","Summer","1"
"198",1996-08-26,"San Antonio","TX","South","Unknown","College","Summer","1"
"199",1996-09-17,"State College","PA","Northeast","Caucasian","College","Summer","0"
"200",1996-09-25,"Stone Mountain","GA","South","Unknown","High","Autumn","1"
"201",1996-10-02,"Philadelphia","PA","Northeast","African American","Elementary","Autumn","1"
"202",1996-10-04,"Playa Del Rey","CA","West","Unknown","High","Autumn","1"
"203",1996-10-09,"Sherwood","AR","South","Unknown","High","Autumn","1"
"204",1996-10-11,"St. Louis","MO","Midwest","Unknown","High","Autumn","1"
"205",1996-10-16,"West Lafayette","IN","Midwest","Unknown","College","Autumn","1"
"206",1996-11-27,"North Highlands","CA","West","Unknown","High","Autumn","1"
"207",1997-01-27,"West Palm Beach","FL","South","African American","Middle","Winter","1"
"208",1997-01-31,"Tulsa ","OK","South","African American","Preschool","Winter","1"
"209",1997-02-10,"Columbus","OH","Midwest","Caucasian","College","Winter",NA
"210",1997-02-19,"Bethel ","AK","West","Mixed","High","Winter","1"
"211",1997-02-20,"North Las Vegas","NV","West","Unknown","High","Winter",NA
"212",1997-03-17,"Detroit","MI","Midwest","Unknown","High","Winter","1"
"213",1997-04-30,"New York City","NY ","Northeast","Unknown","High","Spring","1"
"214",1997-09-11,"Le Sueur","MN","Midwest","Unknown","High","Summer","1"
"215",1997-10-01,"Pearl","MS","South","Caucasian","High","Autumn","1"
"216",1997-10-10,"Gary","IN","Midwest","African American","High","Autumn","1"
"217",1997-10-14,"Garland ","TX","South","Unknown","High","Autumn","1"
"218",1997-10-15,"Palmetto ","FL","South","African American","Middle","Autumn","1"
"219",1997-10-22,"Norwalk","CA","West","Asian","High","Autumn","1"
"220",1997-11-07,"Jacksonville","FL","South","African American","High","Autumn","1"
"221",1997-11-13,"Sacramento","CA","West","Unknown","Elementary","Autumn","1"
"222",1997-12-01,"West Paducah","KY","South","Caucasian","High","Autumn","1"
"223",1997-12-15,"Stamps","AR","South","Caucasian","High","Autumn","1"
"224",1998-01-13,"McAllen","TX","South","Unknown","College","Winter","1"
"225",1998-01-13,"Washington D.C.","Wash D.C","South","Unknown","High","Winter","1"
"226",1998-02-12,"Hoboken","NJ","Northeast","Latino/Hispanic","High","Winter","1"
"227",1998-02-25,"Reed City","MI","Midwest","Unknown","Middle","Winter","1"
"228",1998-02-27,"Fairfax","VA","South","Asian","High","Winter",NA
"229",1998-03-24,"Jonesboro","AR","South","Caucasian","Middle","Spring","1"
"230",1998-03-25,"Coldwater","MI","Midwest","Unknown","High","Spring","1"
"231",1998-03-25,"Daly City","CA","West","Unknown","Middle","Spring","1"
"232",1998-03-30,"Chapel Hill ","NC","South","Unknown","Middle","Spring","0"
"233",1998-03-31,"Oakfield","WI","Midwest","Unknown","Middle","Spring","1"
"234",1998-04-13,"Pardeeville","WI","Midwest","Unknown","Elementary","Spring","1"
"235",1998-04-14,"Durham","NC","South","Unknown","Unknown","Spring","1"
"236",1998-04-22,"Culver City","CA","West","Unknown","High","Spring",NA
"237",1998-04-24,"Edinboro","PA","Northeast","Caucasian","Middle","Spring","1"
"238",1998-04-28,"Pomona ","CA","West","Unknown","Elementary","Spring","1"
"239",1998-05-01,"Buffalo","NY","Northeast","Unknown","Elementary","Spring","1"
"240",1998-05-19,"Fayetteville","TN","South","Caucasian","High","Spring","1"
"241",1998-05-21,"Springfield","OR","West","Caucasian","High","Spring","1"
"242",1998-05-21,"Houston","TX","South","Unknown","High","Spring","1"
"243",1998-05-21,"Onalaska","WA","West","Unknown","High","Spring","1"
"244",1998-05-21,"Rialto","CA","West","Unknown","High","Spring","1"
"245",1998-05-27,"Pasadena ","CA","West","Unknown","Middle","Spring",NA
"246",1998-05-29,"Fort Lauderdale","FL","South","Unknown","High","Spring","1"
"247",1998-06-15,"Richmond ","VA","South","African American","High","Spring","1"
"248",1998-09-11,"Glendale","CA","West","African American","High","Autumn","1"
"249",1998-09-29,"Miami","FL","South","Unknown","High","Autumn","1"
"250",1999-01-08,"Carrollton","GA","South","Caucasian","High","Winter","1"
"251",1999-01-14,"New York City","NY","Northeast","Unknown","High","Winter","1"
"252",1999-01-21,"North Richland Hills","TX","South","Unknown","High","Winter","1"
"253",1999-02-11,"Elgin","IL","Midwest","Unknown","High","Winter","1"
"254",1999-02-26,"Chicago","IL","Midwest","Unknown","High","Winter","1"
"255",1999-04-16,"Notus","ID","West","Caucasian","High","Spring","1"
"256",1999-04-20,"Littleton","CO","West","Caucasian","High","Spring","1"
"257",1999-04-22,"Scotlandville","LA","South","Unknown","Middle","Spring","1"
"258",1999-04-22,"Atlanta","GA","South","Unknown","Middle","Spring","1"
"259",1999-05-20,"Conyers","GA","South","Caucasian","High","Spring","1"
"260",1999-08-25,"Monticello","GA","South","Unknown","High","Summer","0"
"261",1999-09-07,"Plano","TX","South","Unknown","High","Summer","1"
"262",1999-09-09,"San Jose","CA","West","Unknown","High","Summer","1"
"263",1999-09-27,"Tampa","FL","South","Unknown","Elementary","Autumn",NA
"264",1999-10-04,"Philadelphia","PA","Northeast","Unknown","High","Autumn","1"
"265",1999-10-11,"Las Vegas ","NV","West","Unknown","High","Autumn","1"
"266",1999-10-21,"Pacoima","CA","West","Unknown","High","Autumn","1"
"267",1999-10-26,"Hamlin","WV","South","Unknown","High","Autumn","1"
"268",1999-10-26,"Philadelphia","PA","Northeast","Unknown","High","Autumn","1"
"269",1999-11-03,"Boston","MA","Northeast","Unknown","High","Autumn",NA
"270",1999-11-17,"Dickinson","TX","South","Unknown","High","Autumn","1"
"271",1999-11-18,"Denver","CO","West","Unknown","High","Autumn","1"
"272",1999-11-19,"Deming","NM","West","Latino/Hispanic","Middle","Autumn","1"
"273",1999-12-06,"Fort Gibson","OK","South","Native American","Middle","Autumn","1"
"274",2000-01-10,"Anchorage","AK","West","Unknown","High","Winter","1"
"275",2000-01-13,"Alberquerque","NM","West","Unknown","High","Winter","1"
"276",2000-01-19,"Elgin","IL","Midwest","African American","Middle","Winter","1"
"277",2000-01-19,"New Port Richey","FL","South","Caucasian","High","Winter","1"
"278",2000-01-20,"Asheville","NC","South","Unknown","High","Winter","1"
"279",2000-01-26,"Merced","CA","West","Unknown","Elementary","Winter","1"
"280",2000-01-26,"Omaha","NE","Midwest","Unknown","High","Winter","1"
"281",2000-02-10,"Yeadon","PA","Northeast","Unknown","Middle","Winter","1"
"282",2000-02-14,"Chicago","IL","Midwest","Unknown","Elementary","Winter","1"
"283",2000-02-24,"Tecumseh","OK","South","Unknown","High","Winter","1"
"284",2000-02-29,"Mount Morris Twp.(suburb of Detroit)","MI","Midwest","African American","Elementary","Winter","1"
"285",2000-03-27,"Chicago","IL","Midwest","Unknown","Elementary",NA,NA
"286",2000-04-04,"Lancaster","SC","South","Unknown","Elementary","Spring",NA
"287",2000-04-06,"Hugo","OK","South","African American","High","Spring","0"
"288",2000-04-10,"Tucson ","AZ","West","Unknown","Middle","Spring","0"
"289",2000-04-18,"Prairie View","TX","South","Unknown","College","Spring","1"
"290",2000-05-04,"Denver","CO","West","Unknown","High","Spring","1"
"291",2000-05-04,"Canoga Park","CA","West","Unknown","High","Spring",NA
"292",2000-05-10,"Sierra Vista","AZ","West","Unknown","Elementary","Spring","1"
"293",2000-05-26,"Lake Worth","FL","South","African American","Middle","Spring","1"
"295",2000-06-28,"Seattle","WA","West","Asian","College","Summer","1"
"296",2000-07-17,"Renton","WA","West","Caucasian","Middle","Summer","1"
"297",2000-07-26,"Canton ","OH","Midwest","African American","High","Summer","1"
"298",2000-08-28,"Fayetteville","AR","South","African American","College","Summer","1"
"299",2000-09-05,"Bidwell","OH","Midwest","Caucasian","Elementary","Summer","1"
"300",2000-09-07,"Lowell","IN","Midwest","Unknown","Elementary","Summer","1"
"301",2000-09-13,"Prichard","AL","South","Unknown","High","Summer","1"
"302",2000-09-18,"Mount Healthy","OH","Midwest","Unknown","Middle","Summer","1"
"303",2000-09-26,"New Orleans","LA","South","Unknown","Middle","Autumn","1"
"304",2000-10-05,"Minneapolis","MN","Midwest","Unknown","High","Autumn",NA
"305",2000-10-23,"Los Angeles","CA","West","Unknown","High","Autumn",NA
"306",2000-10-24,"New York City","NY","Northeast","Unknown","High","Autumn","1"
"307",2000-10-27,"Memphis","TN","South","Unknown","High","Autumn",NA
"308",2000-12-01,"Los Angeles","CA","West","Unknown","High","Winter","1"
"309",2000-12-01,"San Diego ","CA","West","Unknown","High","Winter","1"
"310",2000-12-07,"Richmond","CA","West","Unknown","High","Winter",NA
"311",2000-12-08,"Hurlock","MD","South","Caucasian","High","Winter","1"
"312",2000-12-19,"Miami ","FL","South","Unknown","Elementary","Winter","1"
"313",2001-01-03,"San Francisco","CA","West","Unknown","High","Winter",NA
"314",2001-01-10,"Oxnard","CA","West","Unknown","High","Winter","1"
"315",2001-01-17,"Baltimore","MD","South","Unknown","High","Winter","1"
"316",2001-01-29,"Arlington","TX","South","Unknown","Middle","Winter","1"
"317",2001-02-02,"Detroit","MI","Midwest","Unknown","High","Winter",NA
"318",2001-02-07,"Dallas ","TX","South","Unknown","Middle","Winter","1"
"319",2001-03-02,"San Diego","CA","West","Unknown","High","Winter","1"
"320",2001-03-05,"Santee","CA","West","Caucasian","High","Winter","1"
"321",2001-03-06,"Largo","MD","South","Unknown","High","Winter","1"
"322",2001-03-07,"Williamsport","PA","Northeast","Caucasian","High","Winter","0"
"323",2001-03-22,"El Cajon","CA","West","Mixed","High","Spring","1"
"324",2001-03-30,"Gary ","IN","Midwest","African American","High","Spring","1"
"325",2001-04-03,"Houston","TX","South","Unknown","Middle","Spring","0"
"326",2001-04-20,"Monroe","LA","South","Unknown","Mixed","Spring","1"
"327",2001-04-25,"Cleveland","OH","Midwest","Unknown","High","Spring",NA
"328",2001-05-15,"Ennis","TX","South","Unknown","High","Spring","1"
"329",2001-05-17,"Parkland","WA","West","Caucasian","College","Spring","1"
"330",2001-06-07,"Arlington ","TX","South","Caucasian","Middle","Spring","1"
"331",2001-07-30,"Los Angeles","CA","West","Unknown","High","Summer","1"
"332",2001-09-04,"Plant City","FL","South","Unknown","Elementary","Summer","1"
"333",2001-09-13,"Covington","KY","South","Caucasian","Elementary","Summer","0"
"334",2001-09-20,"Baltimore","MD","South","Unknown","High","Summer","1"
"335",2001-10-12,"Taylorsville","UT","West","Unknown","High","Autumn","1"
"336",2001-10-26,"Redondo Beach","CA","West","Unknown","High","Autumn","1"
"337",2001-10-26,"Saginaw","MS","South","Unknown","High","Autumn","1"
"338",2001-11-12,"Caro","MI","Midwest","Unknown","High","Autumn","1"
"339",2001-11-30,"Friendswood","TX","South","Unknown","Middle","Autumn",NA
"340",2002-01-15,"New York City","NY","Northeast","Latino/Hispanic","High","Winter","1"
"341",2002-01-16,"Grundy","VA","South","African American","College","Winter","1"
"342",2002-01-18,"Davie","FL","South","Unknown","College","Winter","1"
"343",2002-01-25,"Salisbury","NC","South","Unknown","College","Winter","1"
"344",2002-02-01,"Brock ","TX","South","Unknown","High","Winter",NA
"345",2002-02-06,"Los Angeles","TX","South","Unknown","High","Winter","1"
"346",2002-02-07,"Chicago","IL","Midwest","Unknown","High","Winter","1"
"347",2002-02-25,"Farmingdale","NY","Northeast","Unknown","College","Winter","1"
"348",2002-04-26,"New Orleans","LA","South","Unknown","High","Spring","1"
"349",2002-06-21,"Indiana","PA","Northeast","Unknown","Other","Spring","1"
"350",2002-07-26,"Charlotte","NC","South","Unknown","Middle","Summer","1"
"351",2002-10-04,"San Antonio","TX","South","Latino/Hispanic","Middle","Autumn","0"
"352",2002-10-07,"Bowie","MD","South","Unknown","Middle","Autumn","1"
"353",2002-10-28,"Tucson ","AZ","West","Latino/Hispanic","College","Autumn","1"
"354",2002-10-29,"Jersey City","NJ","Northeast","Unknown","High","Autumn","1"
"355",2002-10-31,"Tulsa ","OK","South","Unknown","High","Autumn","1"
"356",2002-11-07,"Liberty","MO","Midwest","Asian","Elementary","Autumn","1"
"357",2002-11-14,"Carson","CA","West","Unknown","Elementary","Autumn","1"
"358",2002-11-22,"Dallas ","TX","South","Unknown","High","Autumn","1"
"359",2002-12-02,"Detroit","MI","Midwest","Unknown","High","Autumn","1"
"360",2002-12-12,"Stevenson","WA","West","Unknown","Middle","Autumn","1"
"361",2002-12-16,"Chicago","IL","Midwest","Unknown","High","Autumn","1"
"362",2003-01-22,"Providence","RI","Northeast","Unknown","High","Winter","1"
"363",2003-02-05,"Westminster","CO","West","Unknown","High","Winter","1"
"364",2003-03-17,"Guttenburg","IA","Midwest","Unknown","High","Winter","1"
"365",2003-03-21,"Meridan ","MS","South","Unknown","Middle","Winter","1"
"366",2003-03-30,"Watsonville","CA","West","Unknown","Middle","Spring","1"
"367",2003-04-01,"Washington D.C.","Wash D.C","South","Unknown","High","Spring","1"
"368",2003-04-07,"Natchitoches","LA","South","African American","Other","Spring","1"
"369",2003-04-10,"Walnut","CA","West","Unknown","High","Spring","1"
"370",2003-04-14,"New Orleans","LA","South","African American","High","Spring","1"
"371",2003-04-14,"Shreveport","LA","South","Unknown","High","Spring","1"
"372",2003-04-16,"Delhi","CA","West","Unknown","Middle","Spring","1"
"373",2003-04-16,"Addison","TX","South","Caucasian","Middle","Spring","0"
"374",2003-04-24,"Red Lion ","PA","Northeast","Caucasian","Middle","Spring","1"
"375",2003-05-09,"Cleveland","OH","Midwest","Asian","College","Spring","1"
"376",2003-05-13,"Sidman","PA","Northeast","Caucasian","High","Spring","1"
"377",2003-06-04,"Wellsboro","PA","Northeast","Unknown","Middle","Spring","1"
"378",2003-07-15,"Dallas ","TX","South","Unknown","High","Summer","1"
"379",2003-07-17,"Charleston","WV","South","Caucasian","High","Summer","1"
"380",2003-09-09,"Woodland Hills","CA","West","Unknown","High","Summer","1"
"381",2003-09-16,"Los Angeles","CA","West","Unknown","High","Summer","1"
"382",2003-09-17,"Dyersburg","TN","South","African American","College","Summer","1"
"383",2003-09-17,"Sykesville","MD","South","Unknown","Middle","Summer","1"
"384",2003-09-22,"Spokane","WA","West","Caucasian","High","Autumn","1"
"385",2003-09-24,"Cold Springs","MN","Midwest","Caucasian","High","Autumn","1"
"386",2003-09-25,"Lawndale","NC","South","Caucasian","Middle","Autumn","1"
"387",2003-10-01,"Sacramento","CA","West","Unknown","High","Autumn","1"
"388",2003-10-07,"Akron","OH","Midwest","Caucasian","High","Autumn","1"
"389",2003-10-10,"Syracuse","NY","Northeast","Unknown","High","Autumn",NA
"390",2003-10-23,"Landover","MD","South","Unknown","Elementary","Autumn",NA
"391",2003-10-24,"New York City","NY","Northeast","Unknown","High","Autumn",NA
"392",2003-10-30,"Washington D.C.","Wash D.C","South","African American","High","Autumn","1"
"393",2003-11-08,"Missouri City (Sugerland)","TX","South","Unknown","High","Autumn","1"
"394",2003-11-10,"Buffalo","NY","Northeast","Unknown","Elementary","Autumn",NA
"395",2003-11-13,"Charlotte","NC","South","Unknown","High","Autumn","1"
"396",2003-11-20,"Jersey City","NJ","Northeast","Unknown","High","Autumn",NA
"397",2003-12-03,"Aurora","CO","West","Unknown","High","Autumn","1"
"398",2003-12-04,"Oklahoma City","OK","South","Unknown","High","Autumn","1"
"399",2003-12-05,"San Antonio","TX","South","Unknown","High","Autumn",NA
"400",2003-12-05,"Carbondale","IL","Midwest","Unknown","High","Autumn","1"
"401",2003-12-08,"Pueblo ","CO","West","Unknown","High","Autumn","1"
"402",2003-12-17,"Millersville","MD","South","Unknown","High","Autumn",NA
"403",2003-12-22,"Woodbridge ","NJ","Northeast","Unknown","High","Winter","1"
"404",2003-12-28,"Jacksonville","FL","South","Unknown","Elementary","Winter","1"
"405",2004-01-13,"Detroit","MI","Midwest","Unknown","High","Winter",NA
"406",2004-01-15,"Pomona ","CA","West","Unknown","High","Winter","1"
"407",2004-01-22,"Henderson","NV","West","Unknown","Elementary","Winter","1"
"408",2004-02-02,"Washington D.C.","Wash D.C","South","African American","High","Winter","1"
"409",2004-02-03,"Houston","TX","South","Unknown","Elementary","Winter","1"
"410",2004-02-04,"Spring Hill","FL","South","Unknown","Elementary","Winter","1"
"411",2004-02-06,"Shreveport","LA","South","Unknown","High","Winter","1"
"412",2004-02-09,"Greenbush","NY","Northeast","Caucasian","High","Winter","1"
"413",2004-02-11,"Philadelphia","PA","Northeast","African American","Elementary","Winter","1"
"414",2004-02-13,"Dayton","OH","Midwest","Unknown","High","Winter","1"
"415",2004-02-18,"Little Rock","AR","South","Unknown","High","Winter","1"
"416",2004-02-20,"St. Martinsville","LA","South","Unknown","High","Winter","1"
"417",2004-02-23,"Philadelphia","PA","Northeast","Unknown","High","Winter","1"
"418",2004-03-05,"Los Angeles","CA","West","Unknown","High","Winter",NA
"419",2004-03-09,"Lewiston","NY","Northeast","Unknown","High","Winter","1"
"420",2004-03-13,"Battle Creek","MI","Midwest","African American","College","Winter","1"
"421",2004-03-17,"Joyce","WA","West","Caucasian","High","Winter","1"
"422",2004-04-04,"Madison ","NJ","Northeast","African American","College","Spring","1"
"423",2004-05-04,"Lexington","NC","South","Unknown","High","Spring","1"
"424",2004-05-04,"Houston","TX","South","Unknown","High","Spring","1"
"425",2004-05-04,"Fort Wayne","IN","Midwest","Unknown","High","Spring","1"
"426",2004-05-06,"Melbourne","FL","South","Unknown","College","Spring",NA
"427",2004-05-07,"Randellstown","MD","South","African American","High","Spring","1"
"428",2004-05-12,"Merced","CA","West","Unknown","High","Spring","1"
"429",2004-05-24,"Salt Lake City","UT","West","Unknown","High","Spring","1"
"430",2004-06-09,"Oakland","CA","West","Unknown","High","Spring",NA
"431",2004-08-03,"Birmingham","AL","South","Unknown","High","Summer",NA
"432",2004-08-24,"Memphis","TN","South","Unknown","High","Summer","1"
"433",2004-08-30,"Maywood","IL","Midwest","Unknown","High","Summer","1"
"434",2004-09-15,"Gary ","IN","Midwest","Unknown","High","Summer","1"
"435",2004-09-24,"Indianapolis","IN","Midwest","Unknown","College",NA,"1"
"436",2004-10-02,"Grand Island","NE","Midwest","Unknown","Elementary","Autumn","1"
"437",2004-10-07,"Newburyport","MA","Northeast","Unknown","High","Autumn","1"
"438",2004-10-12,"Sunnyvale","CA","West","Unknown","Elementary","Autumn",NA
"439",2004-10-15,"Biggs","CA","West","Unknown","High","Autumn","1"
"440",2004-10-16,"Houston","TX","South","Unknown","Elementary","Autumn","1"
"441",2004-10-20,"Hayward","CA","West","Unknown","Elementary","Autumn",NA
"442",2004-10-21,"Baltimore","MD","South","Unknown","High","Autumn","1"
"443",2004-10-26,"Clarksdale","MS","South","Unknown","College","Autumn","1"
"444",2004-11-12,"New Orleans","LA","South","Unknown","High","Autumn","0"
"445",2004-11-15,"Gary ","IN","Midwest","Unknown","Elementary","Autumn","1"
"446",2004-11-15,"Birmingham","AL","South","Unknown","High","Autumn","1"
"447",2004-11-16,"Beaufort","SC","South","African American","High","Autumn","1"
"448",2004-11-17,"Apopka","FL","South","Unknown","High","Autumn","1"
"449",2004-12-09,"Nine Mile Falls","WA","West","Unknown","High","Autumn","1"
"450",2004-12-13,"Lake Charles","LA","South","Unknown","High","Autumn","1"
"451",2005-01-05,"North Philadelphia","PA","Northeast","Unknown","High","Winter","1"
"452",2005-01-18,"Alvin ","TX","South","Unknown","Elementary","Winter","1"
"453",2005-01-23,"Camarillo","CA","West","Unknown","College","Winter","1"
"454",2005-01-26,"Peoria ","IL","Midwest","African American","High","Winter","1"
"455",2005-02-04,"Atlanta","GA","South","Unknown","High","Winter","1"
"456",2005-03-02,"Dover","TN","South","Unknown","High","Winter","1"
"457",2005-03-09,"Nashville","TN","South","Unknown","High","Winter","1"
"458",2005-03-10,"Dallas ","TX","South","Unknown","Elementary","Winter",NA
"459",2005-03-14,"Columbus","OH","Midwest","Unknown","Elementary","Winter","1"
"460",2005-03-17,"New Orleans","LA","South","Unknown","High","Winter","1"
"461",2005-03-17,"Los Angeles","CA","West","African American","High","Winter","1"
"462",2005-03-21,"Red Lake","MN","Midwest","Native American","High","Winter","1"
"463",2005-03-23,"Indiana","PA","Northeast","Unknown","High","Spring","1"
"464",2005-03-24,"Memphis","TN","South","Unknown","High","Spring","0"
"465",2005-03-30,"Memphis","TN","South","Unknown","High","Spring","1"
"466",2005-04-07,"Canton ","TX","South","Caucasian","High","Spring","1"
"467",2005-04-27,"Goodman","MS","South","Unknown","College","Spring","1"
"468",2005-04-27,"Reserve","LA","South","Unknown","Middle","Spring","1"
"469",2005-04-29,"Cleveland","OH","Midwest","Unknown","Mixed","Spring","1"
"470",2005-05-14,"Richardson","TX","South","Unknown","High","Spring","1"
"471",2005-05-17,"Camphill","PA","Northeast","Unknown","Elementary","Spring","1"
"472",2005-05-24,"Shreveport","LA","South","Unknown","High","Spring","1"
"473",2005-07-05,"San Francisco","CA","West","African American","Preschool","Summer","1"
"474",2005-07-12,"Ashbury Park","NJ","Northeast","Unknown","Elementary","Summer","1"
"475",2005-07-18,"Newark","NJ","Northeast","Unknown","High","Summer","1"
"476",2005-08-17,"Bakersfield","CA","West","Unknown","Elementary","Summer","1"
"477",2005-08-19,"Miami","FL","South","Unknown","High","Summer","1"
"478",2005-08-19,"Morrow","GA","South","Unknown","High","Summer","1"
"479",2005-08-25,"Dandridge","TN","South","Unknown","Middle","Summer","1"
"480",2005-08-26,"Jackson ","MS","South","Unknown","College","Summer","1"
"481",2005-09-01,"Anchorage","AK","West","Unknown","High","Summer","1"
"482",2005-09-02,"Jacksonville","FL","South","African American","High","Summer","1"
"483",2005-09-03,"Las Vegas","NV","West","African American","College","Summer","1"
"484",2005-09-13,"Chicago","IL","Midwest","Unknown","High","Summer","1"
"485",2005-09-24,"Saginaw","MI","Midwest","Unknown","High","Autumn","1"
"486",2005-09-25,"Nashville","TN","South","African American","College","Autumn","1"
"487",2005-10-11,"Farmington","MO","Midwest","Unknown","High","Autumn","1"
"488",2005-10-14,"New York City","NY","Northeast","Unknown","High","Autumn","1"
"489",2005-10-19,"San Bernandino","CA","West","Unknown","High","Autumn","1"
"490",2005-10-19,"Saginaw ","MI","Midwest","African American","High","Autumn","1"
"491",2005-10-27,"Fresno","CA","West","African American","Elementary","Autumn","1"
"492",2005-10-28,"Annapolis","MD","South","Unknown","High","Autumn","1"
"493",2005-11-08,"Jacksboro","TN","South","Caucasian","High","Autumn","1"
"494",2005-11-15,"Miramar","FL","South","African American","Middle","Autumn","0"
"495",2005-11-16,"San Antonio","TX","South","Unknown","Middle","Autumn","1"
"496",2005-12-05,"Roxbury (suburb of Boston)","MA","Northeast","African American","High","Autumn","1"
"497",2005-12-05,"Detroit","MI","Midwest","Unknown","High","Autumn","1"
"498",2005-12-05,"Anahiem","CA","West","Unknown","High","Autumn",NA
"499",2005-12-06,"Detroit","MI","Midwest","Unknown","High","Autumn",NA
"500",2006-01-10,"Bellevue (suburb of Wilmington)","DE","South","Unknown","High","Winter",NA
"501",2006-01-11,"Milwaukee","WI","Midwest","Unknown","Elementary","Winter","1"
"502",2006-01-12,"Chicago","IL","Midwest","Unknown","High","Winter","1"
"503",2006-01-13,"Detroit ","MI","Midwest","Unknown","High","Winter","1"
"504",2006-01-13,"Longwood (suburb of Orlando)","FL","South","Caucasian","Middle","Winter","1"
"505",2006-01-18,"Chesapeake","VA","South","Unknown","High","Winter","1"
"506",2006-01-19,"Cincinnati","OH","Midwest","African American","High","Winter","1"
"507",2006-01-23,"Vacaville","CA","West","Unknown","High","Winter","1"
"508",2006-01-27,"Garland ","TX","South","Unknown","High","Winter","1"
"509",2006-01-30,"Great Falls ","MT","West","Caucasian","High","Winter","1"
"510",2006-02-03,"Compton","CA","West","Unknown","Elementary","Winter","1"
"511",2006-02-08,"Boca Raton ","FL","South","Unknown","College","Winter","1"
"512",2006-02-15,"York (A.K.A.- White Rose City)","PA","Northeast","Caucasian","High","Winter","1"
"513",2006-02-18,"Jonesboro","AR","South","Unknown","College","Winter",NA
"514",2006-02-21,"Pittsburgh","PA","Northeast","African American","High","Winter","1"
"515",2006-02-23,"Roseburg","OR","West","Caucasian","High","Winter","1"
"516",2006-03-14,"Reno","NV","West","Latino/Hispanic","Middle","Winter","1"
"517",2006-04-05,"Washington D.C.","Wash D.C","South","Unknown","High","Spring",NA
"518",2006-04-24,"Chapel Hill ","NC","South","Caucasian","High","Spring","1"
"519",2006-05-22,"Irmo (suburb of Columbia)","SC","South","Unknown","High","Spring","1"
"520",2006-06-05,"Los Angeles","CA","West","African American","High","Spring","1"
"521",2006-06-06,"Gary ","IN","Midwest","African American","High","Spring","1"
"522",2006-06-15,"Detroit","MI","Midwest","Unknown","High","Spring",NA
"523",2006-07-31,"Tampa","FL","South","Unknown","Middle","Summer",NA
"524",2006-08-15,"Vine Grove","KY","South","Unknown","Middle","Summer","1"
"525",2006-08-17,"Austin","TX","South","Unknown","Middle","Summer","1"
"526",2006-08-19,"Youngstown","OH","Midwest","African American","High","Summer","1"
"527",2006-08-20,"Hinesville","GA","South","Unknown","Elementary","Summer","1"
"528",2006-08-21,"Newburgh","IN","Midwest","Caucasian","High","Summer","1"
"529",2006-08-24,"Essex","VT","Northeast","African American","Elementary","Summer","1"
"530",2006-08-28,"Richmond","CA","West","Unknown","Elementary","Summer",NA
"531",2006-08-29,"Washington D.C.","Wash D.C","South","Unknown","High","Summer","1"
"532",2006-08-30,"Hillsborough","NC","South","Latino/Hispanic","High","Summer","1"
"533",2006-08-31,"Oxford","AL","South","Unknown","High","Summer","1"
"534",2006-09-02,"Shepherdstown","WV","South","Unknown","College","Summer","1"
"535",2006-09-05,"Memphis","TN","South","Unknown","High","Summer",NA
"536",2006-09-08,"Fort Worth","TX","South","Unknown","High","Summer","1"
"537",2006-09-13,"Creve Coeur","MO","Midwest","Unknown","High","Summer","1"
"538",2006-09-17,"Pittsburgh","PA","Northeast","African American","College","Summer","1"
"539",2006-09-27,"Bailey","CO","West","Caucasian","High","Autumn","1"
"540",2006-09-28,"Boston (Charlestown)","MA","Northeast","Unknown","High",NA,"1"
"541",2006-09-29,"Cazenovia","WI","Midwest","Caucasian","Mixed","Autumn","1"
"542",2006-10-03,"Paradise","PA","Northeast","Caucasian","Elementary","Autumn","1"
"543",2006-10-09,"Joplin","MO","Midwest",NA,"Middle","Autumn","1"
"544",2006-10-12,"Baltimore","MD","South","Unknown","Elementary","Autumn","1"
"545",2006-10-17,"Katy","TX","South","Unknown","High","Autumn","1"
"546",2006-10-19,"Sacramento","CA","West","Unknown","High","Autumn","1"
"547",2006-10-22,"State College","PA","Northeast","Unknown","College","Autumn","1"
"548",2006-10-27,"Las Cruces","NM","West","Unknown","Unknown",NA,NA
"549",2006-10-31,"Knoxville","TN","South","Caucasian","High","Autumn","1"
"550",2006-11-09,"Clinton ","SC","South","Caucasian","College","Autumn","1"
"551",2006-11-11,"Oakland ","CA","West","Unknown","Mixed","Autumn",NA
"552",2006-11-22,"Atlanta","GA","South","Unknown","Middle","Autumn",NA
"553",2006-12-01,"Trenton","NC","South","Unknown","High","Autumn","1"
"554",2006-12-07,"Omaha","NE","Midwest","Unknown","High","Autumn","1"
"555",2006-12-12,"Erdenheim","PA","Northeast","Caucasian","High","Autumn","1"
"556",2006-12-14,"Claysville","PA","Northeast","Caucasian","High","Autumn","1"
"558",2007-01-02,"Fayetteville","NC","South","Unknown","High","Winter","1"
"559",2007-01-03,"Tacoma","WA","West","Asian","High","Winter","1"
"560",2007-01-04,"Detroit","MI","Midwest","Unknown","High","Winter",NA
"561",2007-01-08,"Cincinnati","OH","Midwest","African American","High","Winter","1"
"562",2007-01-09,"Van Nuys","CA","West","Unknown","High","Winter",NA
"563",2007-01-09,"Las Vegas","NV","West","Unknown","High","Winter","1"
"564",2007-01-18,"Philadelphia","PA","Northeast","Unknown","High","Winter","1"
"565",2007-01-24,"Savannah","TN","South","Unknown","High","Winter","1"
"566",2007-01-26,"Los Angeles","CA","West","Unknown","Middle","Winter",NA
"567",2007-01-31,"Country Club Hills","IL","Midwest","Unknown","High","Winter","1"
"568",2007-02-07,"Jacksonville","FL","South","Unknown","Middle","Winter","1"
"569",2007-03-07,"Greenville","TX","South","Caucasian","High","Winter","1"
"570",2007-03-07,"Midland","MI","Midwest","Unknown","High","Winter","1"
"571",2007-03-07,"Compton","CA","West","Unknown","High","Winter",NA
"572",2007-03-08,"Chattanooga","TN","South","Unknown","High","Winter","1"
"573",2017-03-22,"Chicago","IL","Midwest","Unknown","High","Winter",NA
"574",2007-03-24,"Greensboro","NC","South","Unknown","College","Spring","1"
"575",2007-03-27,"Hartford","CT","Northeast","Unknown","Elementary","Spring",NA
"576",2007-03-29,"Mrytle Beach","SC","South","African American","High","Spring","1"
"577",2007-04-02,"Seattle","WA","West","Asian","College","Spring","1"
"578",2007-04-10,"Gresham","OR","West","Latino/Hispanic","High","Spring","1"
"579",2007-04-10,"Chicago","IL","Midwest","Unknown","High","Spring","1"
"580",2007-04-16,"Blacksburg","VA","South","Asian","College","Spring","1"
"581",2007-05-04,"El Maton","TX","South","Unknown","High","Spring","0"
"582",2007-05-10,"Detroit","MI","Midwest","Unknown","High","Spring","1"
"583",2007-05-12,"Mesquite","TX","South","Unknown","High","Spring","1"
"584",2007-05-15,"Los Frenos","TX","South","Latino/Hispanic","Middle","Spring","1"
"585",2007-06-06,"Tampa","FL","South","African American","High","Spring","1"
"586",2007-06-07,"Willingboro","NJ","Northeast","Unknown","Other","Spring","1"
"587",2007-06-17,"Burton","SC","South","Unknown","Elementary","Spring","1"
"588",2007-06-28,"Dallas ","TX","South","African American","High","Summer","1"
"589",2007-07-09,"Chicago","IL","Midwest","Unknown","Mixed","Summer",NA
"590",2007-08-04,"Newark","NJ","Northeast","Latino/Hispanic","Mixed","Summer","1"
"591",2007-09-21,"Dover","DE","South","African American","College","Summer","1"
"592",2007-09-30,"Memphis","TN","South","Unknown","College","Autumn",NA
"593",2007-10-10,"Cleveland","OH","Midwest","Caucasian","High","Autumn","1"
"594",2007-10-12,"Portland","OR","West","Unknown","High","Autumn",NA
"595",2007-10-15,"Garden City","GA","South","Unknown","High","Autumn","1"
"596",2007-10-24,"Memphis","TN","South","African American","High","Autumn","1"
"597",2007-10-24,"Saginaw","MI","Midwest","African American","High","Autumn","1"
"598",2007-11-05,"San Jacinto","CA","West","Unknown","Middle","Autumn","1"
"599",2007-11-20,"Beaufort","SC","South","African American","High","Autumn","1"
"600",2007-11-26,"Holland Patent","NY","Northeast","Unknown","High","Autumn","1"
"601",2007-12-09,"Arvada","CO","West","Caucasian","Other","Autumn","1"
"602",2007-12-11,"Oakland","CA","West","Unknown","High","Autumn",NA
"603",2007-12-21,"Union City","CA","West","Unknown","Middle","Autumn",NA
"604",2008-01-10,"Asheville","NC","South","Unknown","High","Winter","1"
"605",2008-01-15,"Warr Acres","OK","South","African American","High","Winter","1"
"606",2008-01-16,"Charlotte","NC","South","African American","High","Winter","1"
"607",2008-01-18,"Las Vegas","NV","West","Unknown","High","Winter","1"
"608",2008-02-04,"Memphis","TN","South","Unknown","High","Winter","1"
"609",2008-02-07,"Portsmouth ","OH","Midwest","Caucasian","Elementary","Winter","1"
"610",2008-02-08,"Baton Rouge","LA","South","African American","College","Winter","0"
"611",2008-02-11,"Memphis","TN","South","Unknown","High","Winter","1"
"612",2008-02-12,"Oxnard","CA","West","Caucasian","Middle","Winter","1"
"613",2008-02-14,"Dekalb","IL","Midwest","Caucasian","College","Winter","1"
"614",2008-02-27,"Little Rock","AR","South","Unknown","College","Winter",NA
"615",2008-03-06,"Mobile ","AL","South","African American","High","Winter","1"
"616",2008-03-07,"Chicago","IL","Midwest","Unknown","High","Winter","1"
"617",2008-03-29,"Chicago","IL","Midwest","Unknown","High","Spring","1"
"618",2008-03-31,"Hayward","CA","West","Unknown","High","Spring",NA
"619",2008-04-16,"Fresno","CA","West","African American","High","Spring","1"
"620",2008-04-24,"Omaha","NE","Midwest","Unknown","High","Spring","1"
"621",2008-04-29,"Washington D.C.","Wash D.C","South","Unknown","Other","Spring","1"
"622",2008-04-30,"Boca Raton ","FL","South","African American","College","Spring","1"
"623",2008-05-06,"Garden City","GA","South","Unknown","High","Spring","1"
"624",2008-06-04,"Rockford","IL","Midwest","Unknown","High","Spring",NA
"625",2008-07-24,"Phoenix","AZ","West","African American","College","Summer","1"
"626",2008-08-11,"Kelso","WA","West","Unknown","Elementary","Summer","1"
"627",2008-08-21,"Knoxville","TN","South","African American","High","Summer","1"
"628",2008-08-26,"Opelousas","LA","South","African American","College","Summer","1"
"629",2008-08-29,"Portland","OR","West","Unknown","High","Summer",NA
"630",2008-09-02,"Willoughby","OH","Midwest","Unknown","High","Summer","1"
"631",2008-09-13,"Jonesboro","AR","South","Unknown","College","Summer","1"
"632",2008-09-15,"Sacramento","CA","West","Unknown","High","Summer","1"
"633",2008-09-19,"Athens (near L.A)","CA","West","Unknown","High","Summer",NA
"634",2008-09-26,"Akron","OH","Midwest","Unknown","College","Autumn","1"
"635",2008-10-13,"Live Oak","TX","South","Caucasian","College","Autumn","1"
"636",2008-10-23,"Prattville","AL","South","African American","Mixed","Autumn","1"
"637",2008-10-26,"Conway","AR","South","African American","College","Autumn","1"
"638",2008-10-29,"Fresno","CA","West","Unknown","College","Autumn","1"
"639",2008-11-03,"Bell ","CA","West","Unknown","High","Autumn",NA
"640",2008-11-05,"Miami Gardens","FL","South","Unknown","College","Autumn",NA
"641",2008-11-05,"Marshall","TX","South","African American","College","Autumn","1"
"642",2008-11-07,"Bowling Green ","OH","Midwest","Unknown","College","Autumn",NA
"643",2008-11-11,"Langston","OK","South","Unknown","College","Autumn","1"
"644",2008-11-12,"Fort Lauderdale","FL","South","African American","High","Autumn","0"
"645",2008-11-15,"Loveland","CO","West","Latino/Hispanic","High","Autumn","1"
"646",2008-11-15,"St. George","UT","West","Unknown","High","Autumn","1"
"647",2008-11-18,"Oakland","CA","West","Latino/Hispanic","Middle","Autumn","1"
"648",2008-11-21,"Savannah","GA","South","Unknown","College","Autumn","1"
"649",2008-11-25,"Houston","TX","South","African American","High","Autumn","1"
"650",2008-11-30,"Garden Grove","CA","West","Unknown","Elementary","Autumn","1"
"651",2008-12-02,"King City","CA","West","Unknown","High","Autumn","1"
"652",2008-12-05,"Fairbault","MN","Midwest","Caucasian","College","Autumn","1"
"653",2008-12-12,"Mastic Beach ","NY","Northeast","Unknown","High","Autumn","1"
"654",2008-12-12,"Asheboro","NC","South","Unknown","Elementary","Autumn","0"
"655",2008-12-21,"Summerville","SC","South","African American","High","Autumn","1"
"656",2008-12-27,"Philadelphia","PA","Northeast","Unknown","Elementary","Winter",NA
"657",2008-12-31,"Savannah","GA","South","African American","Middle","Winter","0"
"658",2008-12-31,"Norman ","OK","South","Unknown","Elementary","Winter","1"
"659",2009-01-08,"New Castle","DE","South","Unknown","High","Winter",NA
"660",2009-01-09,"Chicago","IL","Midwest","African American","High","Winter","1"
"661",2009-01-20,"Chicago","IL","Midwest","Unknown","High","Winter","1"
"662",2009-01-20,"Erie","PA","Northeast","Latino/Hispanic","High","Winter","1"
"663",2009-01-20,"Mount Morris Township","MI","Midwest","Unknown","High","Winter","1"
"664",2009-01-23,"Cahokia","IL","Midwest","Unknown","High","Winter","1"
"665",2009-01-27,"Clayton","NC","South","Unknown","High","Winter","1"
"666",2009-02-07,"Houston","TX","South","Unknown","College","Winter","1"
"667",2009-02-11,"El Monte","CA","West","Unknown","Elementary","Winter","1"
"668",2009-02-11,"Zebulon","NC","South","Unknown","Middle","Winter","1"
"669",2009-02-13,"Dover","DE","South","Unknown","College","Winter",NA
"670",2009-02-17,"Detroit","MI","Midwest","Unknown","High","Winter","1"
"671",2009-02-20,"Hayward ","CA","West","Unknown","Elementary","Winter","1"
"672",2009-02-23,"Norwalk","CT","Northeast","Unknown","High","Winter",NA
"673",2009-03-06,"Fayetteville","NC","South","African American","High","Winter","1"
"674",2009-03-10,"Jacksonville ","FL","South","Unknown","High","Winter",NA
"675",2009-03-11,"Houston","TX","South","Unknown","High","Winter","1"
"676",2009-04-04,"Fort Lauderdale","FL","South","African American","High","Spring","1"
"677",2009-04-10,"Dearborn","MI","Midwest","African American","College","Spring","1"
"678",2009-04-13,"Los Angeles","CA","West","Latino/Hispanic","High","Spring","1"
"679",2009-04-17,"Essex","VT","Northeast","Asian","High","Spring","1"
"680",2009-04-26,"Hampton","VA","South","African American","College","Spring","1"
"681",2009-05-01,"Sheboygan","WI","Midwest","Unknown","High","Spring","1"
"682",2009-05-05,"Candanigua","NY","Northeast","Caucasian","High","Spring","1"
"683",2009-05-18,"Nashville","TN","South","Unknown","College","Spring",NA
"684",2009-05-18,"Larose","LA","South","Caucasian","Middle","Spring","1"
"685",2009-05-18,"Cambridge","MA","Northeast","Unknown","College","Spring","1"
"686",2009-06-02,"Jurupa Valley","CA","West","Unknown","Elementary","Spring",NA
"687",2009-06-05,"Chicago","IL","Midwest","African American","High","Spring","1"
"688",2009-06-09,"Lexington","KY","South","Caucasian","Middle","Spring","1"
"689",2009-06-15,"Wheaton","IL","Midwest","Unknown","Elementary","Spring","1"
"690",2009-06-15,"San Francisco","CA","West","Unknown","High","Spring","1"
"691",2009-06-24,"Parkersburg","IA","Midwest","Caucasian","High","Summer","1"
"692",2009-07-02,"Paterson","NJ","Northeast","Unknown","Elementary","Summer",NA
"693",2009-07-22,"Houston","TX","South","Unknown","College","Summer",NA
"694",2009-07-25,"Jonesboro","AR","South","Unknown","College","Summer","1"
"695",2009-08-16,"Langston ","OK","South","Unknown","College","Summer","1"
"696",2009-08-27,"Fayetteville","NC","South","African American","High","Summer","1"
"697",2009-09-01,"Perkasie","PA","Northeast","Unknown","High","Summer","1"
"698",2009-09-02,"San Bruno","CA","West","Unknown","College","Summer","1"
"699",2009-09-03,"Atlanta","GA","South","African American","College","Summer","1"
"700",2009-09-08,"Stamford","CT","Northeast","Unknown","High","Summer","1"
"701",2009-09-11,"Owosso","MI","Midwest","Caucasian","High","Summer","1"
"702",2009-09-14,"Grand Rapids","MI","Midwest","Unknown","High","Summer","1"
"703",2009-09-16,"Henrico","VA","South","Unknown","High","Summer","1"
"704",2009-09-18,"Miami","FL","South","Unknown","High","Summer","1"
"705",2009-09-28,"Langston","OK","South","Unknown","College","Autumn",NA
"706",2009-10-08,"Mattick","NY","Northeast","Unknown","Mixed","Autumn","1"
"707",2009-10-13,"Salinus","CA","West","Unknown","Elementary","Autumn",NA
"708",2009-10-16,"Mrytle Beach","SC","South","Caucasian","High","Autumn","1"
"709",2009-10-30,"Long Beach","CA","West","Unknown","High","Autumn","1"
"710",2009-11-06,"Philadelphia","PA","Northeast","African American","High","Autumn","1"
"711",2009-11-16,"Dallas ","TX","South","Unknown","Elementary","Autumn","1"
"712",2009-11-17,"Boston","MA","Northeast","Unknown","Elementary","Autumn",NA
"713",2009-12-02,"Brockton","MA","Northeast","African American","High","Autumn","1"
"714",2009-12-08,"Woodbridge ","VA","South","Caucasian","College","Autumn","1"
"715",2009-12-11,"Shreveport","LA","South","African American","High","Autumn","1"
"716",2010-01-07,"Phoenix","AZ","West","Unknown","High","Winter","1"
"717",2010-01-20,"Livingston","AL","South","African American","High","Winter","1"
"718",2010-02-05,"Madison ","AL","South","Middle Eastern","Middle","Winter","1"
"719",2010-02-10,"Knoxville","TN","South","Caucasian","Elementary","Winter","1"
"720",2010-02-12,"Huntsville","AL","South","Caucasian","College","Winter","0"
"721",2010-02-19,"Dekalb","IL","Midwest","Caucasian","College","Winter","1"
"722",2010-02-23,"Littleton","CO","West","Caucasian","Middle","Winter","1"
"723",2010-02-26,"Tacoma","WA","West","Caucasian","Elementary","Winter","1"
"724",2010-03-02,"Gainesville","FL","South","African American","College","Winter","1"
"725",2010-03-09,"Columbus","OH","Midwest","African American","College","Winter","1"
"726",2010-03-23,"Baton Rouge","LA","South","Unknown","Middle","Spring","1"
"727",2010-04-28,"Portsmouth ","VA","South","African American","High","Spring","1"
"728",2010-05-18,"South Gate","CA","West","Unknown","High","Spring","1"
"729",2010-08-30,"Blountville","TN","South","Caucasian","High","Summer","1"
"730",2010-09-07,"Las Cruces","NM","West","Mixed","High","Summer","1"
"731",2010-09-16,"Moss Bluff","LA","South","Caucasian","Mixed","Summer","1"
"732",2010-09-21,"Mrytle Beach","SC","South","Caucasian","High","Summer","1"
"733",2010-09-28,"Austin ","TX","South","Caucasian","College","Autumn","1"
"734",2010-10-01,"East Salinus","CA","West","Unknown","High","Autumn","1"
"735",2010-10-03,"Elizabeth City","NC","South","Caucasian","College","Autumn","1"
"736",2010-10-08,"Carlsbad","CA","West","Caucasian","High","Autumn","1"
"737",2010-10-11,"Fairfield","CA","West","African American","High","Autumn","1"
"738",2010-10-14,"Langston","OK","South","African American","College","Autumn","1"
"739",2010-10-24,"Topeka","KS","Midwest","Caucasian","High","Autumn",NA
"740",2010-10-25,"Selma","AL","South","Unknown","Elementary","Autumn","1"
"741",2010-11-01,"Las Vegas","NV","West","Unknown","High","Autumn","1"
"742",2010-11-29,"Marinette","WI","Midwest","Caucasian","High","Autumn","1"
"743",2010-12-04,"Garden City","SC","South","Unknown","High","Autumn",NA
"744",2010-12-06,"Aurora","CO","West","Latino/Hispanic","High","Autumn","1"
"745",2010-12-14,"Panama City","FL","South","Caucasian","Other","Autumn","1"
"746",2011-01-05,"Omaha","NE","Midwest","African American","High","Winter","1"
"747",2011-01-18,"Jericho","VT","Northeast","Caucasian","High","Winter","1"
"748",2011-01-18,"Gardena","CA","West","Unknown","High","Winter","1"
"749",2011-02-02,"Placerville","CA","West","Caucasian","Elementary","Winter","1"
"750",2011-02-14,"Murfreesboro","TN","South","African American","College","Winter","1"
"751",2011-02-23,"Los Angeles","CA","West","Asian","Other","Winter","1"
"752",2011-03-25,"Martinsville","IN","Midwest","Caucasian","Middle","Spring","1"
"753",2011-03-30,"Houston","TX","South","African American","High","Spring",NA
"754",2011-04-06,"Opelika","AL","South","Caucasian","College","Spring","1"
"755",2011-04-12,"Nashville","TN","South","African American","High","Spring","1"
"756",2011-04-13,"Apopka","FL","South","Unknown","High","Spring","1"
"757",2011-04-15,"Orangeburg","SC","South","African American","College","Spring","1"
"758",2011-04-19,"Houston","TX","South","Unknown","Elementary","Spring","1"
"759",2011-04-26,"Miami Gardens","FL","South","Unknown","High","Spring",NA
"760",2011-05-10,"San Jose","CA","West","Unknown","College","Spring","1"
"761",2011-05-17,"Everett","WA","West","Unknown","Elementary","Spring","1"
"762",2011-05-23,"Cleveland","OH","Midwest","Unknown","Middle","Spring",NA
"763",2011-05-23,"Pearl City","HI","West","Unknown","Middle","Spring","1"
"764",2011-08-26,"Harper Woods","MI","Midwest","African American","High","Summer","1"
"765",2011-09-24,"Issaquah","WA","West","Caucasian","Elementary","Autumn","1"
"766",2011-09-28,"Jurupa Valley","CA","West","Latino/Hispanic","High","Autumn","1"
"767",2011-09-30,"Charlotte","NC","South","Unknown","High","Autumn",NA
"768",2011-10-24,"Fayetteville","NC","South","African American","High","Autumn","1"
"769",2011-11-05,"Elizabeth City","NC","South","African American","College","Autumn","1"
"770",2011-11-15,"Berkeley","CA","West","Caucasian","College","Autumn","1"
"771",2011-12-08,"Blacksburg","VA","South","Caucasian","College","Autumn","1"
"772",2011-12-12,"Edinburg","TX","South","Caucasian","Middle","Autumn","1"
"773",2012-01-04,"Brownsville","TX","South","Unknown","Middle","Winter","1"
"774",2012-01-10,"Houston","TX","South","African American","High","Winter","1"
"775",2012-02-01,"Jackson","TN","South","African American","College","Winter","1"
"776",2012-02-10,"Walpole","NH","Northeast","Unknown","Elementary","Winter","1"
"777",2012-02-16,"Harper Woods","MI","Midwest","Unknown","High","Winter","1"
"778",2012-02-21,"Murfreesboro","TN","South","Caucasian","Elementary","Winter","1"
"779",2012-02-22,"Bremerton (Port Orchard)","WA","West","Caucasian","Elementary","Winter","1"
"780",2012-02-27,"Chardon ","OH","Midwest","Caucasian","High","Winter","1"
"781",2012-03-06,"Jacksonville ","FL","South","Caucasian","College","Winter","1"
"782",2012-03-15,"Mobile ","AL","South","African American","High","Winter","1"
"783",2012-03-24,"Starkville","MS","South","African American","College","Spring","1"
"784",2012-04-01,"Rogers ","AR","South","Caucasian","Middle","Spring","1"
"785",2012-04-02,"Oakland","CA","West","Asian","College","Spring","1"
"786",2012-05-26,"Chapel Hill ","NC","South","Middle Eastern","Elementary","Spring","1"
"787",2012-08-16,"Memphis","TN","South","Unknown","High","Summer","1"
"788",2012-08-27,"Baltimore","MD","South","Caucasian","High","Summer","1"
"789",2012-09-07,"Normal ","IL","Midwest","Unknown","High","Summer","1"
"791",2012-09-19,"Washington D.C.","Wash D.C","South","Unknown","High","Autumn","1"
"792",2012-09-26,"Stillwater","OK","South","Caucasian","Middle","Autumn","1"
"793",2012-09-27,"Little Rock","AR","South","African American","College",NA,"1"
"794",2012-10-06,"Mobile ","AL","South","Mixed","College","Autumn","1"
"795",2012-10-12,"Fairmount ","ND","Midwest","Unknown","Mixed","Autumn","1"
"796",2012-10-31,"Los Angeles","CA","West","African American","College","Autumn","1"
"798",2012-11-29,"Cleveland","OH","Midwest","Unknown","Middle",NA,NA
"799",2012-11-30,"Baltimore","MD","South","African American","College","Autumn","1"
"800",2012-12-14,"Newtown ","CT","Northeast","Caucasian","Elementary","Autumn","1"
"801",2013-01-07,"Fort Myers","FL","South","Unknown","Elementary","Winter",NA
"802",2013-01-10,"Taft","CA","West","Caucasian","High","Winter","1"
"803",2013-01-15,"Hazard","KY","South","Unknown","College","Winter","1"
"804",2013-01-15,"St. Louis","MO","Midwest","African American","College","Winter","1"
"805",2013-01-16,"Chicago","IL","Midwest","African American","College","Winter","1"
"806",2013-01-22,"Houston","TX","South","African American","College","Winter","1"
"807",2013-01-29,"Midland City","AL","South","Unknown","Unknown","Winter","1"
"808",2013-01-31,"Atlanta","GA","South","African American","Middle","Winter","1"
"809",2013-02-01,"Detroit","MI","Midwest","African American","High","Winter","1"
"810",2013-02-01,"Atlanta","GA","South","African American","College","Winter","1"
"811",2013-02-07,"Fort Pierce","FL","South","African American","College","Winter","1"
"812",2013-02-08,"Boca Raton ","FL","South","Unknown","College","Winter","1"
"813",2013-02-27,"Atlanta","GA","South","African American","High","Winter","0"
"814",2013-03-18,"Orlando","FL","South","Asian","College","Winter","1"
"815",2013-03-21,"Southgate","MI","Midwest","Caucasian","Middle","Spring","1"
"816",2013-04-11,"Elizabeth City","NC","South","Unknown","College","Spring",NA
"817",2013-04-12,"Christianburg ","VA","South","Caucasian","College","Spring","1"
"818",2013-04-13,"Elizabeth City","NC","South","Unknown","College","Spring",NA
"819",2013-04-16,"Tuscaloosa","AL","South","African American","College","Spring","1"
"820",2013-04-16,"Temple","TX","South","African American","High","Spring","1"
"821",2013-04-16,"Grambling","LA","South","Unknown","College","Spring",NA
"822",2013-04-18,"Cambridge","MA","Northeast","Caucasian","College","Spring","1"
"823",2013-04-29,"Cincinnati","OH","Midwest","Caucasian","High","Spring","1"
"824",2013-05-14,"Birmingham","AL","South","African American","Middle","Spring","0"
"825",2013-05-24,"Miami","FL","South","Unknown","Middle","Spring","1"
"826",2013-06-07,"Santa Monica","CA","West","Middle Eastern","College","Spring","1"
"827",2013-06-19,"West Palm Beach","FL","South","African American","High","Spring","1"
"828",2013-08-15,"Clarksville","TN","South","African American","High","Summer","1"
"829",2013-08-20,"Decatur","GA","South","Caucasian","Elementary","Summer","1"
"830",2013-08-22,"Memphis","TN","South","African American","Elementary","Summer","1"
"831",2013-08-23,"Sardis","MS","South","African American","High","Summer","1"
"832",2013-08-30,"Winston-Salem","NC","South","African American","High","Summer","1"
"833",2013-09-21,"Katy","TX","South","African American","High","Summer","1"
"834",2013-09-17,"Jackson ","TN","South","African American","College","Summer","1"
"835",2013-09-21,"Savannah","GA","South","Unknown","College","Summer",NA
"836",2013-09-28,"Gray","ME","Northeast","Unknown","High","Autumn","1"
"837",2013-10-04,"Pine Hills","FL","South","Unknown","Mixed","Autumn","1"
"838",2013-10-15,"Austin","TX","South","Latino/Hispanic","High","Autumn","1"
"839",2013-10-21,"Sparks","NV","West","Latino/Hispanic","Middle","Autumn","1"
"840",2013-10-21,"Denmark","SC","South","African American","College","Autumn","1"
"841",2013-11-01,"Algona","IA","Midwest","Caucasian","Mixed","Autumn","1"
"842",2013-11-02,"Greensboro","NC","South","Unknown","College","Autumn",NA
"843",2013-11-03,"Stone Mountain","GA","South","Unknown","High","Autumn",NA
"844",2013-11-21,"Rapid City","SD","Midwest","Caucasian","College","Autumn","1"
"845",2013-12-04,"Winter Garden","FL","South","African American","High","Autumn","1"
"846",2013-12-13,"Centennial","CO","West","Caucasian","High","Autumn","1"
"847",2013-12-19,"Fresno","CA","West","Latino/Hispanic","High","Autumn","1"
"848",2014-01-09,"Jackson","TN","South","African American","High","Winter","1"
"849",2014-01-14,"Roswell ","NM","West","Caucasian","Middle","Winter","1"
"850",2014-01-15,"Lancaster","PA","Northeast","African American","Elementary","Winter","1"
"851",2014-01-17,"Philadelphia","PA","Northeast","African American","High","Winter","1"
"852",2014-01-20,"Chester","PA","Northeast","Unknown","College","Winter","1"
"853",2014-01-21,"West Layfayette","IN","Midwest","Caucasian","College","Winter","1"
"854",2014-01-24,"Orangeburg","SC","South","African American","College","Winter","1"
"855",2014-01-25,"Los Angeles","CA","West","Unknown","College","Winter",NA
"856",2014-01-27,"Carbondale","IL","Midwest","African American","High","Winter","1"
"857",2014-01-28,"Nashville","TN","South","African American","College","Winter","1"
"858",2014-01-28,"Grambling","LA","South","African American","College","Winter","1"
"859",2014-01-28,"Honalulu","HI","West","Unknown","High","Winter","1"
"860",2014-01-30,"Palm Bay","FL","South","African American","College","Winter","1"
"861",2014-01-31,"Des Moines","IA","Midwest","African American","High","Winter","1"
"862",2014-01-31,"Phoenix","AZ","West","African American","High","Winter","1"
"863",2014-02-07,"Bend","OR","West","Unknown","High","Winter","1"
"864",2014-02-10,"Salisbury","NC","South","African American","High","Winter","1"
"865",2014-02-11,"Lyndhurst","OH","Midwest","Unknown","High","Winter","1"
"866",2014-02-11,"Jackson ","TN","South","Caucasian","College","Winter","1"
"867",2014-02-20,"Raytown","MO","Midwest","African American","High","Winter","1"
"868",2014-02-22,"Augusta","GA","South","Unknown","College","Winter",NA
"869",2014-02-26,"Jurupa Valley","CA","West","Unknown","High","Winter","1"
"870",2014-03-02,"Westminster","MD","South","Unknown","College","Winter","1"
"871",2014-03-07,"Tallulah","LA","South","African American","High","Winter","1"
"872",2014-03-08,"Oshkosh","WI","Midwest","Unknown","College","Winter",NA
"873",2014-03-23,"Newark","DE","South","Caucasian","College","Spring","1"
"874",2014-03-25,"College Park","GA","South","African American","Elementary","Spring","1"
"875",2014-03-30,"Columbus","GA","South","African American","College","Spring","1"
"876",2014-04-03,"Kent","OH","Midwest","African American","College","Spring","1"
"877",2014-04-07,"Roswell ","NM","West","Unknown","College","Spring",NA
"878",2014-04-09,"Greenville","NC","South","Unknown","High","Spring",NA
"879",2014-04-11,"Detroit","MI","Midwest","Unknown","High","Spring","1"
"880",2014-04-16,"Council Bluffs","IA","Midwest","African American","College","Spring","1"
"881",2014-04-21,"Griffith","IN","Midwest","Latino/Hispanic","Mixed","Spring","1"
"882",2014-04-21,"Provo","UT","West","Unknown","High","Spring","1"
"883",2014-05-02,"Milwaukee","WI","Midwest","Unknown","College","Spring","1"
"884",2014-05-03,"Everett","WA","West","Unknown","Elementary","Spring","1"
"885",2014-05-04,"Augusta","GA","South","Unknown","College","Spring","1"
"886",2014-05-05,"Augusta","GA","South","Unknown","College","Spring","1"
"887",2014-05-08,"Georgetown","KY","South","Unknown","College","Spring","1"
"888",2014-05-08,"Lawrenceville","GA","South","Unknown","College","Spring","1"
"889",2014-05-21,"Milwaukee","WI","Midwest","Unknown","Elementary","Spring","1"
"890",2014-05-23,"Isla Vista","CA","West","Asian","College","Spring","1"
"891",2014-06-05,"Seattle","WA","West","Mixed","College","Spring","1"
"892",2014-06-10,"Troutdale","OR","West","Unknown","High","Summer","1"
"893",2014-06-23,"Benton","MO","Midwest","Unknown","High","Summer","1"
"894",2014-06-27,"Miami","FL ","South","Unknown","College","Summer","0"
"895",2014-08-13,"Frederick","MD","South","African American","High","Summer","1"
"896",2014-08-14,"Newport News","VA","South","Unknown","Elementary","Summer","1"
"897",2014-09-02,"Pocatello","ID","West","Caucasian","College","Summer","1"
"898",2014-09-05,"Savannah","GA","South","African American","College","Summer","1"
"899",2014-09-10,"Lake Mary","FL","South","African American","Middle","Summer","1"
"900",2014-09-11,"Taylorsville or West Jordan?","UT","West","Caucasian","Elementary","Summer","0"
"901",2014-09-24,"San Antonio","TX","South","Unknown","Middle","Autumn","1"
"902",2014-09-27,"Terre Haute","IN","Midwest","African American","College","Autumn","1"
"903",2014-09-30,"Albermarle","NC","South","African American","High","Autumn","1"
"904",2014-09-30,"Louisville","KY","South","African American","High","Autumn","1"
"905",2014-10-03,"Fairburn","GA","South","African American","High","Autumn","1"
"906",2014-10-08,"Elizabeth City","NC","South","African American","College","Autumn","1"
"907",2014-10-18,"Langston","OK","South","Unknown","College","Autumn",NA
"908",2014-10-21,"Memphis","TN","South","Unknown","Middle","Autumn","1"
"909",2014-10-24,"Marysville","WA","West","Native American","High","Autumn","1"
"910",2014-11-20,"Tallahassee","FL","South","African American","College","Autumn","1"
"911",2014-11-20,"Miami","FL","South","Unknown","High","Autumn","1"
"912",2014-11-23,"Annapolis","MD","South","Unknown","College","Autumn",NA
"913",2014-12-05,"Claremore","OK","South","Caucasian","College","Autumn","1"
"914",2014-12-12,"Portland","OR","West","African American","High","Autumn","1"
"915",2014-12-17,"Pittsburgh","PA","Northeast","Unknown","Mixed","Autumn",NA
"916",2014-12-17,"Waterville","ME","Northeast","Caucasian","Elementary","Autumn","1"
"917",2015-01-15,"Milwaukee","WI","Midwest","African American","High","Winter","1"
"918",2015-01-16,"Ocala","FL","South","African American","High","Winter","1"
"919",2015-01-20,"Mobile ","AL","South","Unknown","High","Winter",NA
"920",2015-01-26,"Roseville","MN","Midwest","Unknown","Preschool","Winter","1"
"921",2015-01-29,"Antlers","OK","South","Caucasian","High","Winter","1"
"922",2015-01-30,"Columbia","SC","South","Unknown","College",NA,NA
"923",2015-02-02,"Mankato","MN","Midwest","Caucasian","College","Winter","1"
"924",2015-02-04,"Frederick","MD","South","African American","High","Winter","1"
"925",2015-02-05,"Columbia","SC","South","Asian","College","Winter","0"
"926",2015-02-11,"Hinesville ","GA","South","African American","Elementary","Winter","1"
"927",2015-02-15,"Little Rock","AR","South","Caucasian","Elementary","Winter","1"
"928",2015-02-15,"Merced","CA","West","Unknown","Middle","Winter","1"
"929",2015-02-15,"Athens","GA","South","Caucasian","College","Winter","1"
"930",2015-02-23,"Daytona Beach","FL","South","African American","College","Spring","1"
"931",2015-03-29,"Daytona Beach","FL","South","Unknown","College","Spring",NA
"932",2015-03-29,"Springfield","MA","Northeast","Unknown","College","Spring",NA
"933",2015-03-30,"University City","MO","Midwest","African American","Elementary","Spring","1"
"934",2015-04-02,"Monaco ","PA","Northeast","Unknown","College","Spring","1"
"935",2015-04-02,"Jackson","TN","South","African American","College","Spring","1"
"936",2015-04-04,"Everett","WA","West","Unknown","College","Spring","1"
"937",2015-04-13,"Goldsboro","NC","South","Caucasian","College","Spring","1"
"938",2015-04-16,"Paradis ","LA","South","Caucasian","Middle","Spring","1"
"939",2015-04-17,"Seguin","TX","South","Latino/Hispanic","High","Spring","1"
"940",2015-04-19,"Charlotte","NC","South","African American","College","Spring","1"
"941",2015-04-22,"Las Vegas","NV","West","Unknown","Elementary","Spring","1"
"942",2015-04-27,"Lacey","WA","West","Caucasian","High","Spring","1"
"943",2015-04-29,"New London","CT","Northeast","Unknown","Middle","Spring","1"
"944",2015-05-04,"Orem","UT","West","Unknown","College","Spring","1"
"945",2015-05-04,"Cleveland","OH","Midwest","Unknown","Elementary","Spring",NA
"947",2015-05-12,"Tempe","AZ","West","African American","High","Spring","1"
"948",2015-05-12,"Jacksonville","FL","South","African American","High","Spring","1"
"949",2015-05-20,"Robinson","TX","South","Unknown","High","Spring","1"
"950",2015-05-24,"Flint","MI","Midwest","African American","Mixed","Spring","1"
"951",2015-05-27,"Ochopee","FL","South","Caucasian","Mixed","Spring","1"
"952",2015-06-23,"Fort Calhoun","NE","Midwest","African American","Elementary","Summer","1"
"953",2015-07-05,"Coppell","TX","South","African American","Middle","Summer","1"
"954",2015-07-27,"Gainesville","FL","South","Caucasian","College","Summer","1"
"955",2015-08-04,"Pueblo","CO","West","Latino/Hispanic","Mixed","Summer","1"
"956",2015-08-08,"Paradise","TX","South","Unknown","High","Summer","1"
"957",2015-08-08,"Wichita","KS","Midwest","African American","College","Summer","1"
"958",2015-08-23,"Fairfield","AL","South","Unknown","College","Summer",NA
"959",2015-08-23,"Richmond","TX","South","Caucasian","Elementary","Summer","1"
"960",2015-08-25,"Augusta","GA","South","African American","Elementary","Summer","1"
"961",2015-08-26,"Houston","TX","South","Unknown","College","Summer","1"
"962",2015-08-27,"Savannah","GA","South","Unknown","College","Summer","1"
"963",2015-09-03,"Sacramento","CA","West","Unknown","College","Summer",NA
"964",2015-09-11,"Lafayette","LA","South","Unknown","High","Summer",NA
"965",2015-09-14,"Cleveland","MS","South","Caucasian","College","Summer","1"
"966",2015-09-22,"Statesville","NC","South","Caucasian","Elementary","Autumn","0"
"967",2015-09-24,"Jackson","MS","South","Unknown","College",NA,NA
"968",2015-09-28,"Butte","MT","West","Unknown","College","Autumn","1"
"969",2015-09-30,"Harrisburg","SD","Midwest","Caucasian","High","Autumn","1"
"970",2015-10-01,"Roseburg","OR","West","Mixed","College","Autumn","1"
"971",2015-10-02,"University City","MO","Midwest","African American","High","Autumn","1"
"972",2015-10-06,"Houston","TX","South","Unknown","College","Autumn","1"
"973",2015-10-09,"Flagstaff","AZ","West","Caucasian","College","Autumn","1"
"974",2015-10-11,"Tampa","FL","South","African American","College","Autumn","1"
"975",2015-10-15,"Langston","OK","South","Unknown","College","Autumn","1"
"976",2015-10-15,"San Antonio","TX","South","African American","High","Autumn","0"
"977",2015-10-22,"Nashville ","TN","South","African American","College","Autumn","1"
"978",2015-10-24,"San Antonio","TX","South","Latino/Hispanic","Middle","Autumn","1"
"979",2015-11-01,"Winston-Salem","NC","South","African American","College","Autumn","1"
"980",2015-11-04,"Merced","CA","West","Unknown","College","Autumn",NA
"981",2015-11-05,"Moultrie","GA","South","Unknown","Middle","Autumn","1"
"982",2015-11-06,"Chicago","IL","Midwest","Unknown","High","Autumn",NA
"983",2015-11-09,"Spartanburg","SC","South","African American","College","Autumn","1"
"984",2015-11-10,"Lecanto","FL","South","Caucasian","High","Autumn","1"
"985",2015-11-11,"Sulphur Rock","AR","South","Unknown","Elementary","Autumn","1"
"986",2015-11-29,"Columbus","OH","Midwest","Caucasian","College","Autumn","1"
"987",2015-12-18,"Jackson","TN","South","Unknown","College","Autumn","1"
"988",2015-12-30,"Greeley","CO","West","Unknown","College","Winter","1"
"989",2016-01-12,"Dover","DE","South","Unknown","Middle","Winter","1"
"990",2016-01-22,"Indianapolis","IN","Midwest","African American","High","Winter","1"
"991",2016-01-29,"Philadelphia","PA","Northeast","Unknown","High","Winter","1"
"992",2016-02-08,"Greenboro","NC","South","Unknown","High","Winter",NA
"993",2016-02-06,"Muskegon Heights","MI","Midwest","African American","High","Winter","1"
"994",2016-02-12,"Glendale","AZ","West","Caucasian","High","Winter","0"
"995",2016-02-17,"Chester ","PA","Northeast","Latino/Hispanic","High","Winter","1"
"996",2016-02-29,"Middletown","OH","Midwest","Caucasian","High","Winter","1"
"997",2016-03-21,"Atlanta","GA","South","African American","College","Winter","1"
"998",2016-03-23,"Charlotte","NC","South","African American","College","Winter","1"
"999",2016-04-23,"Antigo","WI","Midwest","Caucasian","High","Spring","1"
"1000",2016-05-04,"Pueblo","CO","West","Latino/Hispanic","High","Spring","1"
"1001",2016-05-11,"New York City","NY","Northeast","Unknown","College","Spring","1"
"1002",2016-05-13,"Greenville","SC","South","African American","High","Spring","1"
"1003",2016-05-06,"Beltsville","MD","South","Latino/Hispanic","High","Spring","1"
"1004",2016-06-01,"Los Angeles","CA","West",NA,"College","Spring","1"
"1005",2016-06-16,"Chicago ","IL","Midwest","Unknown","Elementary",NA,NA
"1006",2016-06-22,"Boston","MA","Northeast","African American","High","Summer","1"
"1007",2016-06-30,"Hanford ","CA","West","Unknown","Middle","Summer",NA
"1008",2016-07-18,"Stockton","CA","West","Unknown","Elementary","Summer",NA
"1009",2016-07-25,"Ava","MO","Midwest","Caucasian","High","Summer","1"
"1010",2016-08-17,"Columbus","OH","Midwest","Unknown","Middle","Summer",NA
"1011",2016-08-26,"San Antonio","TX","South","Unknown","Middle","Summer","1"
"1012",2016-09-02,"Tulsa","OK","South","Unknown","High","Summer","1"
"1013",2016-09-07,"Detroit","MI","Midwest","Unknown","High","Summer",NA
"1014",2016-09-08,"Alpine","TX","South","Unknown","High",NA,NA
"1015",2016-09-09,"York","PA","Northeast","African American","High",NA,"1"
"1016",2016-09-26,"Jackson","MI","Midwest","African American","High","Autumn","1"
"1017",2016-09-28,"Townville","SC","South","Caucasian","Elementary",NA,"1"
"1018",2016-09-30,"Chicago ","IL","Midwest","Unknown","High","Autumn",NA
"1019",2016-10-11,"Prichard","AL","South","African American","High","Autumn","1"
"1020",2016-10-13,"Columbus","OH","Midwest","Unknown","Mixed","Autumn",NA
"1021",2016-10-15,"Atlanta","GA","South","Unknown","High","Autumn",NA
"1022",2016-10-18,"San Francisco","CA","West","Unknown","High","Autumn","1"
"1023",2016-10-23,"Normal (suburb of Huntsville)","AL","South","Unknown","College","Autumn",NA
"1024",2016-10-25,"Sandy","UT","West","Unknown","Middle","Autumn","1"
"1025",2016-10-28,"Jackson","MS","South","African American","College","Autumn","1"
"1026",2016-11-02,"Grand Junction","CO","West","Unknown","High","Autumn","1"
"1027",2016-11-03,"Berthoud","CO","West","Caucasian","High","Autumn","1"
"1028",2016-11-11,"Auburn","MI","Midwest","Caucasian","High","Autumn","1"
"1029",2016-11-17,"St. Paul","MN","Midwest","Unknown","Elementary","Autumn","1"
"1030",2016-12-01,"Bountiful","UT","West","Unknown","Middle","Autumn",NA
"1031",2016-12-07,"Reno","NV","West","Unknown","High","Autumn",NA
"1032",2016-12-09,"St. Louis","MO","Midwest","Unknown","High","Autumn","1"
"1033",2016-12-29,"Salt Lake City","UT","West","Caucasian","College","Winter","1"
"1034",2017-01-05,"Lebanon","OH","Midwest","Caucasian","Other","Winter","1"
"1035",2017-01-10,"Alexander City","AL","South","Unknown","Middle",NA,"1"
"1036",2017-01-17,"East Point","FL","South","Unknown","High",NA,"1"
"1037",2017-01-20,"West Liberty","OH","Midwest","Caucasian","High","Winter","1"
"1038",2017-01-25,"Manhattan","KS","Midwest","Unknown","College","Winter","1"
"1039",2017-01-27,"Naperville","IL","Midwest","Unknown","Middle","Winter",NA
"1040",2017-01-27,"Aiken","SC","South","African American","High","Winter","1"
"1041",2017-02-01,"Roxbury","MA","Northeast","Unknown","Other","Winter","1"
"1042",2017-02-06,"Scotlandville (suburb of Baton Rouge)","LA","South","Unknown","High","Winter","1"
"1043",2017-03-13,"Wilberforce","OH","Midwest","Unknown","College","Winter",NA
"1044",2017-03-15,"Gaffney","SC","South","Caucasian","College",NA,"1"
"1045",2017-03-16,"Montgomery ","AL","South","African American","High","Winter","1"
"1046",2017-03-28,"Penn Hills","PA","Northeast","Unknown","Middle","Winter","1"
"1047",2017-03-31,"Pensacola","FL","South","Unknown","College","Winter","1"
"1048",2017-04-07,"St. Paul","MN","Midwest","Unknown","College",NA,"1"
"1049",2017-04-10,"San Bernandino","CA","West","African American","Elementary",NA,"1"
"1050",2017-04-11,"Fayetteville","NC","South","African American","High","Spring","1"
"1051",2017-04-15,"Tulsa","OK","South","African American","High","Spring","1"
"1052",2017-04-25,"Orem","UT","West","Unknown","College","Spring",NA
"1053",2017-05-03,"Irving","TX","South","Caucasian","College","Spring","1"
"1054",2017-05-06,"San Diego","CA","West","Unknown","High","Spring","1"
"1055",2017-05-15,"Moss Bluff","LA","South","Unknown","Elementary","Spring","1"
"1056",2017-05-23,"Kirbyville","TX","South","Caucasian","High",NA,"1"
"1057",2017-05-24,"Greensboro","AL","South","Unknown","High","Spring",NA
"1058",2017-06-05,"Fort Wayne","IN","Midwest","African American","Other","Summer","1"
"1059",2017-06-15,"Detroit","MI","Midwest","Unknown","High",NA,NA
"1060",2017-06-16,"Chicago ","IL","Midwest","African American","Elementary","Summer","1"
"1061",2017-06-22,"Florence","SC","South","African American","High","Summer","1"
"1062",2017-07-13,"Las Vegas","NV","West","African American","College","Summer","1"
"1063",2017-07-19,"Milwaukee","WI","Midwest","Unknown","Mixed","Summer","1"
"1064",2017-07-21,"Spanish Fork","UT","West","Unknown","High","Summer","1"
"1065",2017-09-01,"North Charleston","SC","South","African American","High","Summer","1"
"1066",2017-09-01,"Jacksonville","FL","South","African American","College","Summer","1"
"1067",2017-09-08,"Columbus","OH","Midwest","African American","High","Summer","1"
"1068",2017-09-12,"St. Paul","MN","Midwest","Caucasian","College","Summer","1"
"1069",2017-09-13,"Rockford","WA","West","Caucasian","High","Summer","1"
"1070",2017-09-16,"Atlanta","GA","South","Caucasian","College",NA,NA
"1071",2017-09-20,"Mattoon","IL","Midwest","Caucasian","High",NA,"1"
"1072",2017-09-20,"Jackson","MS","South","Unknown","High",NA,NA
"1073",2017-09-27,"Boiling Springs","NC","South","Unknown","College","Autumn",NA
"1074",2017-09-28,"Lexington","KY","South","African American","Middle","Autumn","1"
"1075",2017-09-29,"Lee's Summit","MO","Midwest","African American","High","Autumn","0"
"1076",2017-10-07,"Las Cruces","NM","West","Unknown","Middle",NA,"1"
"1077",2017-10-09,"Lubbock","TX","South","Caucasian","College","Autumn","1"
"1078",2017-10-14,"Petersburg","VA","South","Unknown","College","Autumn","1"
"1079",2017-10-19,"Rocky Mount","NC","South","Unknown","High","Autumn",NA
"1080",2017-10-19,"Petersburg","VA","South","African American","College","Autumn","1"
"1081",2017-10-22,"Terre Haute","IN","Midwest","Unknown","College","Autumn","1"
"1082",2017-10-25,"Grambling","LA","South","African American","College","Autumn","1"
"1083",2017-10-31,"Riverside","CA","West","African American","Elementary","Autumn","1"
"1084",2017-11-03,"Lansing","MI","Midwest","African American","Elementary","Autumn","1"
"1085",2017-11-11,"Albany","GA","South","African American","College","Autumn","1"
"1086",2017-11-14,"Minneola","FL","South","Caucasian","High","Winter","1"
"1087",2017-11-14,"Corning","CA","West","Caucasian","Elementary","Winter","1"
"1088",2017-11-23,"Denver","CO","West","African American","High","Autumn","1"
"1089",2017-12-07,"Aztec","NM","West","Caucasian","High","Autumn","1"
"1090",2017-12-11,"High Point","NC","South","African American","High","Autumn","1"
"1091",2017-12-12,"Pasadena","TX","South","Unknown","High","Autumn","1"
"1092",2017-12-19,"Mount Morris Township","MI","Midwest","Unknown","High",NA,NA
"1093",2017-12-31,"Marysville","WA","West","Unknown","Elementary","Winter","1"
"1094",2018-01-04,"Seattle","WA","West","Unknown","High","Winter",NA
"1095",2018-01-10,"Denison","TX","South","Unknown","College","Winter","0"
"1096",2018-01-10,"Serra Vista","AZ","West","Unknown","Elementary","Winter","1"
"1097",2018-01-10,"San Bernandino","CA","West","Unknown","College","Winter",NA
"1098",2018-01-15,"Marshall","TX","South","Unknown","College","Winter",NA
"1099",2018-01-17,"Montpelier","VT","Northeast","Caucasian","High","Winter","1"
"1100",2018-01-20,"Winston-Salem","NC","South","Unknown","College","Winter",NA
"1101",2018-01-22,"New Orleans","LA","South","Unknown","High","Winter",NA
"1102",2018-01-22,"Italy","TX","South","Unknown","High","Winter","1"
"1103",2018-01-23,"Benton","KY","South","Caucasian","High","Winter","1"
"1104",2018-01-25,"Mobile","AL","South","African American","High","Winter","1"
"1105",2018-01-26,"Dearborn","MI","Midwest","Unknown","High","Winter",NA
"1106",2018-02-01,"Los Angeles","CA","West","Unknown","Middle","Winter","0"
"1107",2018-02-05,"Oxon Hill","MD","South","African American","High","Winter",NA
"1108",2018-02-05,"Maplewood","MN","Midwest","Unknown","Mixed","Winter","1"
"1109",2018-02-08,"New York City","NY","Northeast","Unknown","High","Winter","1"
"1110",2018-02-14,"Parkland","FL","South","Caucasian","High","Winter","1"
"1111",2018-02-20,"Massillon","OH","Midwest","Unknown","Middle","Winter","1"
"1112",2018-02-28,"Dalton","GA","South","Caucasian","High","Winter","1"
"1113",2018-03-02,"Mount Pleasant","MI","Midwest","African American","College","Winter","1"
